X,Y,SPD,DIR
217.649,81.7678,428.938,193.186
146.849,92.2429,201.933,213.663
237.899,60.4066,162.49,188.901
216.518,89.6702,148.161,204.686
199.386,87.917,182.297,217.058
152.768,60.1456,222.413,193.195
105.158,102.687,64.8534,206.62
221.048,58.1275,326.98,197.016
62.2324,135.196,683.31,200.954
219.995,51.5042,316.564,198.859
129.895,100.323,617.04,208.121
59.8112,136.621,749.657,198.427
234.15,56.7511,138.172,184.553
194.83,52.7169,455.401,200.229
259.025,37.9805,35.4336,200.835
94.1689,102.651,47.778,276.408
235.622,63.6079,484.017,199.32
171.099,60.9433,129.336,202.402
69.3767,48.321,385.608,186.181
211.869,79.2438,465.82,194.041
76.1894,34.8887,178.022,197.426
199.016,51.522,333.37,197.734
138.79,96.4208,31.8748,231.189
96.5842,49.8767,244.088,207.204
121.715,99.4016,282.432,209.691
256.052,46.1238,485.23,200.537
282.313,37.8804,298.769,194.266
94.5504,80.4927,604.936,189.932
188.067,48.998,422.647,195.526
194.723,52.3574,462.724,207.428
247.415,49.1484,63.0876,190.903
124.207,74.1762,134.427,194.724
143.903,94.4559,876.019,202.069
70.8776,33.0257,46.3656,238.396
193.586,59.4526,126.479,204.423
40.3685,129.342,225.294,191.88
124.187,98.5029,687.375,203.954
154.52,43.6991,112.631,242.05
36.6746,51.7445,271.618,192.145
138.848,69.8675,493.841,200.588
239.185,54.0503,75.6946,191.895
192.512,34.2176,260.463,198.118
193.926,34.0281,597.304,191.807
175.075,72.9973,369.818,193.102
98.7021,27.69,315.402,183.637
61.7473,65.0452,812.478,197.193
231.352,28.5222,94.6369,182.054
249.153,37.9378,310.237,197.087
25.5873,158.154,508.38,212.617
79.7339,123.784,818.444,201.44
216.228,29.7383,178.137,192.884
110.948,81.0202,237.502,184.677
176.81,72.4937,649.331,194.432
175.988,22.2599,447.378,187.722
186.642,103.407,87.7993,199.593
252.479,52.4036,301.624,201.908
228.161,120.397,19.8834,242.186
134.394,65.1288,623.043,191.274
43.0508,23.3269,238.909,200.721
58.0854,105.604,245.775,199.234
88.8016,114.715,199.388,205.317
209.453,67.0857,67.2375,250.779
205.618,36.2,388.488,203.551
63.6516,114.615,476.434,201.204
219.335,92.2637,239.767,199.024
175.946,59.3256,920.387,199.011
45.9916,128.11,659.905,197.085
183.756,143.319,332.084,198.022
76.1779,34.7181,186.017,205.379
271.073,31.9921,208.048,234.068
99.788,87.7799,50.905,231.802
81.2246,68.4979,363.905,181.244
38.1946,100.874,374.53,207.102
129.366,148.506,472.824,203.615
101.083,141.091,384.98,203.91
172.184,56.8662,304.202,207.338
118.536,88.1652,454.186,199.537
51.4167,69.4075,570.109,201.362
29.6514,85.0547,633.454,191.185
180.467,61.8357,281.982,182.427
141.16,141.863,497.346,217.178
157.04,51.2685,233.631,214.558
183.033,99.1628,230.8,181.395
152.899,80.753,898.579,196.71
234.91,55.576,320.115,217.069
193.326,20.0394,712.565,192.201
39.6652,72.1707,103.918,183.37
56.0564,77.0378,576.269,201.14
103.908,40.1664,459.933,190.883
25.9259,85.5658,62.3534,224.529
258.298,37.7281,332.935,224.462
69.9069,64.8269,266.432,205.895
42.731,39.4188,557.573,188.923
208.863,103.44,371.476,216.358
90.2533,48.9443,209.711,187.13
159.688,14.1584,19.3396,259.246
17.278,80.0536,432.107,206.033
193.554,47.689,41.0346,199.84
210.06,31.7728,530.052,207.128
196.474,19.7065,763.485,220.525
132.704,34.868,550.449,198.424
222.809,124.381,733.288,207.94
204.803,67.8311,338.862,198.532
222.732,68.8314,49.6931,204.633
55.2188,138.151,406.564,204.967
242.055,58.5717,4.32417,205.326
204.422,96.6019,183.378,197.777
172.002,82.1172,334.669,190.088
97.5496,23.7956,295.886,186.61
170.327,61.2615,195.498,205.54
129.991,60.963,249.183,203.287
236.22,60.6866,341.932,207.129
200.056,83.9808,238.019,190.087
94.2033,102.958,370.885,203.321
66.9013,48.5891,44.1514,239.664
218.061,52.1649,177.343,198.91
243.258,57.5488,169.576,202.35
205.865,81.1819,159.631,224.006
95.1824,50.5972,453.066,187.069
76.7342,49.7528,93.8669,186.339
159.166,120.555,381.101,206.512
208.951,79.9736,663.408,206.695
83.3923,116.123,162.313,208.29
82.0413,54.9087,316.551,187.766
79.3178,85.0917,334.616,181.918
233.26,56.822,54.7045,203.178
228.271,21.7661,88.5671,246.668
76.0958,49.2259,92.1358,273.472
151.37,60.4734,65.6091,248.03
123.789,109.252,675.592,205.278
88.8082,36.4606,229.58,189.068
155.245,62.3511,509.762,202.061
51.9721,52.551,130.423,181.757
236.742,56.5419,242.835,192.074
186.742,108.557,228.575,238.865
86.4063,68.2241,252.509,186.228
172.749,73.5386,309.418,190.344
41.4237,86.2784,171.578,197.005
65.0815,114.877,612.647,201.669
160.411,23.5392,73.2482,198.335
154.179,44.3416,451.738,187.694
272.378,33.6093,388.128,208.448
270.35,34.6288,38.4049,224.669
36.0418,101.976,420.341,200.024
41.9185,129.362,307.171,198.228
55.8821,79.3404,82.4124,237.847
19.1049,31.1774,210.398,188.361
87.6378,115.265,338.998,216.473
153.783,73.4635,459.783,188.167
223.064,89.7189,732.703,214.351
108.605,117.401,610.101,208.476
225.002,28.3236,278.144,193.917
218.767,51.7593,302.113,203.463
109.881,62.744,141.668,208.833
105.108,119.113,26.2425,281.439
227.354,56.1058,737.089,193.701
94.6523,103.132,427.263,196.282
184.725,76.1709,554.883,196.533
280.444,38.3558,613.226,207.681
147.018,81.3531,588.334,185.188
229.032,46.1983,195.262,189.896
238.706,54.1511,471.968,198.951
97.6406,89.1979,424.439,215.472
195.284,64.1238,324.414,196.586
133.909,77.3948,449.329,193.014
61.0208,30.9175,391.507,180.456
175.249,76.5165,205.937,181.131
35.402,35.356,173.121,184.961
230.742,28.5441,49.6711,215.986
63.7391,40.2338,430.314,189.74
197.686,108.26,13.4006,280.681
229.304,53.7862,1113.15,205.963
36.0327,36.9438,83.9573,200.586
100.185,108.697,613.789,204.908
77.5728,99.5985,192.735,185.685
155.797,52.1242,256.495,180.761
119.874,72.3458,463.124,197.083
106.296,51.6012,736.491,200.077
87.7502,56.945,395.282,183.371
68.2896,20.2318,350.855,209.029
46.2538,93.0807,391.629,200.719
175.556,33.3106,504.9,193.984
117.149,19.679,327.126,189.385
109.446,48.4612,395.625,185.765
47.0235,31.2369,57.6901,262.809
188.93,32.3711,240.574,227.579
121.861,33.6731,193.287,194.579
113.632,64.7772,539.414,217.082
115.124,159.654,85.3823,206.131
111.881,70.0174,609.258,203.51
112.164,65.3645,309.984,229.097
36.7871,111.192,423.972,226.301
173.116,36.228,569.862,189.759
200.186,30.1281,353.137,187.46
187.843,100.01,155.712,220.706
64.665,26.4129,501.626,188.155
44.1208,93.0885,141.983,255.33
95.1066,17.8282,130.226,287.745
122.791,103.363,91.1569,228.091
164.403,63.7491,240.045,205.844
173.023,74.2534,267.417,195.92
216.427,89.9564,144.984,210.233
242.029,58.5836,98.9885,198.268
92.6529,80.8325,271.576,188.043
232.936,56.961,35.4998,225.508
236.562,60.4008,20.0234,257.728
42.0493,144.668,1075.71,201.918
52.8389,139.259,379.048,198.983
271.736,32.1553,325.521,207.759
230.908,48.1102,248.365,197.196
270.448,31.8622,29.0795,243.191
256.547,50.9687,48.3576,224.69
276.937,40.1952,214.216,204.67
193.743,53.2647,479.413,199.258
79.7271,107.875,258.02,206.712
151.288,44.7321,224.486,196.643
80.016,55.1849,79.1205,183.197
133.258,24.5983,121.783,181.087
178.098,77.4879,276.263,198.728
135.46,92.7455,498.798,205.984
213.439,30.8993,363.216,202.761
160.803,119.271,139.058,237.236
259.518,22.7437,109.997,235.794
222.842,56.933,65.9393,203.217
65.0181,112.71,224.013,205.957
44.8608,119.984,250.498,207.462
151.212,60.8663,196.552,187.264
114.134,114.079,789.743,207.162
40.3643,86.6024,517.134,190.823
36.634,146.383,209.415,220.474
124.797,102.273,440.497,212.488
184.825,61.8149,355.789,196.03
169.875,82.4957,748.876,202.481
128.513,61.5991,311.895,189.08
181.29,77.1905,284.118,195.669
124.71,38.6853,253.477,194.033
179.208,17.2265,587.967,211.291
152.195,63.5874,413.067,186.421
82.4694,116.62,214.687,200.203
148.145,62.3859,172.763,191.836
216.977,52.536,516.706,193.084
80.8614,48.4345,441.539,184.686
212.351,31.062,202.479,214.719
77.1584,85.164,291.171,186.521
62.0278,64.8893,940.225,196.159
220.924,91.5644,214.737,213.809
185.325,85.0764,136.225,209.735
61.3092,27.2802,259.369,184.044
120.973,97.7003,176.893,194.553
214.512,59.938,442.429,202.96
23.7504,139.495,492.445,201.215
87.3443,36.6942,109.16,242.425
154.72,82.0259,370.314,204.462
231.13,55.1092,430.991,196.59
165.68,84.1929,48.4946,208.992
24.7324,159.364,497.36,207.215
221.771,90.1921,487.746,214.617
78.8851,87.9334,65.3417,217.399
58.8175,134.94,299.786,214.198
143.235,81.6965,262.566,207.834
185.979,109.821,761.459,208.637
113.159,108.323,823.484,204.81
111.395,133.285,491.514,210.404
159.962,23.688,123.081,180.281
84.7854,68.401,266.069,199.407
156.696,61.2178,230.544,226.294
227.884,103.472,430.635,219.35
224.535,89.0504,896.122,214.597
228.044,22.2912,189.358,244.485
177.893,57.5802,249.807,205.713
105.475,139.098,663.543,207.786
172.232,64.6443,190.333,234.127
83.0135,106.902,786.089,199.838
188.435,35.6054,268.003,210.683
145.519,86.6753,160.377,209.021
115.113,78.6846,744.615,196.396
156.636,159.128,267.651,181.038
40.0346,129.982,194.001,264.365
100.216,40.6345,321.678,196.101
225.813,21.7761,245.895,199.706
224.448,21.8914,68.1231,252.762
33.6688,68.8346,124.764,183.208
196.664,110.09,512.532,207.704
67.0677,94.5041,338.728,187.775
23.0127,86.7237,423.797,189.846
260.309,35.1911,184.201,214.892
55.9343,145.394,1021.44,204.872
215.154,40.1821,75.7565,255.106
26.4908,123.334,365.29,192.445
187.741,75.3664,404.639,208.438
42.8993,41.8437,441.044,185.684
17.7608,31.3749,356.999,192.51
156.792,81.1617,717.884,203.58
203.877,162.11,262.546,217.387
43.8006,93.2714,1086.35,188.923
213.746,10.9688,495.179,206.26
163.72,115.786,1145,206.184
24.7497,123.834,87.0812,180.869
169.188,61.8058,1039.44,202.967
121.142,55.2988,210.605,225.595
16.6102,148.761,290.056,233.629
38.8005,54.7273,291.953,211.081
103.057,71.2417,573.3,193.83
96.5778,88.6865,177.466,273.462
187.882,33.5178,12.4196,185.199
124.897,152.287,555.281,202.464
122.398,103.801,236.359,215.318
105.881,102.668,31.9842,204.599
230.195,47.7921,74.8539,198.985
97.7754,86.3186,220.452,194.584
226.188,54.8031,335.816,203.047
238.899,54.0427,56.2843,194.532
126.524,61.917,387.635,190.904
73.0013,49.298,129.84,267.471
178.462,98.0631,151.232,255.802
93.0751,28.7373,98.7958,189.182
191.908,106.46,531.726,197.231
55.561,117.975,251.31,191.44
174.449,98.9351,177.906,213.959
56.1965,66.5789,104.513,210.107
141.736,82.4881,475.708,202.088
213.728,53.2913,181.004,199.903
238.696,58.985,269.336,203.981
237.391,57.0516,189.581,190.748
244.367,49.9838,42.1534,222.327
248.756,54.9809,343.01,208.275
49.4788,51.8214,100.814,209.636
147.736,92.2428,499.439,192.963
275.68,40.7726,409.358,206.264
60.9077,102.035,180.093,199.283
241.907,57.9625,333.947,202.776
90.8056,104.702,117.655,203.43
71.6072,34.3827,172.166,203.626
79.5059,55.2134,408.334,184.414
71.1816,34.2788,204.05,196.067
269.876,33.1343,137.28,217.72
35.6054,147.261,501.039,200.732
81.2421,69.6312,654.913,192.947
183.038,95.6374,910.409,215.006
117.314,144.362,101.625,217.172
50.4521,82.6649,312.536,189.664
159.519,124.215,59.4568,273.231
153.532,69.5373,536.307,199.421
59.174,116.932,268.73,200.04
224.639,57.3042,513.458,192.426
92.9675,37.8661,173.269,194.366
190.821,54.2857,460.173,211.673
225.734,105.236,434.425,208.44
108.229,39.9209,58.931,252.684
178.106,56.9111,343.404,194.735
66.4831,76.1654,521.606,194.421
96.647,89.8304,607.012,204.988
35.1615,123.064,486.749,204.263
95.4316,102.385,191.198,208.363
241.904,111.559,298.032,210.028
200.307,87.78,939.684,199.625
62.1699,73.6736,580.785,193.516
153.345,78.686,220.681,206.906
37.186,55.7005,157.946,195.516
238.974,20.0615,162.356,212.797
35.0693,52.1421,188.628,180.03
167.761,23.5861,252.471,190.13
219.772,92.3359,118.738,248.172
35.7269,51.9975,291.335,184.428
193.131,59.6309,367.01,198.821
130.556,105.558,641.558,210.177
24.4048,73.6453,589.217,202.119
130.506,69.7935,59.1804,232.961
133.788,66.316,390.655,203.385
240.768,53.3371,365.411,199.738
97.8568,54.2503,183.639,229.675
270.719,66.8562,662.401,209.824
55.3624,81.1295,1107.26,195.196
187.527,22.7314,366.625,197.706
104.267,24.7987,383.048,184.876
75.0522,68.3092,831.839,202.344
39.7551,39.791,244.836,203.873
153.919,51.4808,374.985,208.332
186.149,22.7945,169.688,216.836
58.9688,58.3945,283.55,196.682
126.907,94.6069,314.682,203.462
154.908,159.16,591.16,209.945
23.9539,85.4491,562.491,188.469
64.3824,94.5433,348.224,192.236
176.439,58.28,655.201,204.453
98.8226,27.0221,393.489,193.576
226.121,75.8863,127.39,210.374
171.639,44.6457,681.212,192.55
78.5499,88.1897,435.698,197.791
108.96,104.309,151.305,217.712
249.854,26.7561,119.753,210.387
245.61,44.1128,259.552,203.532
100.108,63.2823,155.537,192.268
15.5103,31.8743,67.4839,227.542
197.224,62.8164,428.011,209.035
144.271,63.6244,348.793,195.676
274.846,17.3043,459.309,223.932
18.0941,20.8338,129.615,189.002
110.501,80.0418,212.356,220.722
44.1512,94.135,409.185,203.895
116.982,88.0124,692.296,204.612
124.009,26.9248,51.1365,213.338
166.73,116.859,675.838,201.555
211.882,61.0524,102.293,194.598
240.495,18.9582,102.848,198.506
123.081,57.281,260.402,219.684
227.518,23.3947,631.164,217.402
130.291,59.0878,443.126,215.769
26.7909,148.955,245.624,212.055
119.867,97.9873,1010.59,210.87
274.663,63.776,671.074,209.45
169.84,44.2475,439.499,208.498
45.743,94.0738,644.897,195.766
226.838,134.589,79.992,263.548
39.6261,83.2551,535.685,196.743
54.8459,95.2533,395.637,189.744
224.808,42.566,427.647,202.311
134.86,68.7119,741.648,196.832
148.663,136.611,172.274,265.173
74.817,67.9055,825.025,207.328
250.703,79.8936,346.485,215.591
228.151,75.1992,457.435,201.929
270.602,65.0523,181.761,191.5
187.803,33.5251,471.231,201.429
215.029,40.6549,343.178,234.146
191.208,44.3899,354.239,207.162
127.991,151.147,373.308,218.465
151.563,118.48,133.473,203.309
67.8481,130.154,39.72,192.245
174.234,74.3534,361.571,193.747
113.128,108.389,140.973,181.547
195.331,102.364,416.167,208.443
91.6584,80.9918,354.525,189.458
139.986,96.1098,140.232,187.032
182.231,50.3944,223.867,204.762
126.975,107.641,160.729,204.23
239.919,58.7973,133.677,199.881
176.348,116.005,327.918,196.352
229.738,47.9493,126.832,196.759
96.7015,38.1335,167.345,189.951
241.449,58.7345,50.16,182.567
76.8771,55.4164,79.5526,186.121
73.4697,50.6525,79.534,185.996
237.107,59.6919,198.869,205.523
116.791,144.758,125.695,192.992
238.547,54.1339,280.109,200.777
38.1178,87.3811,25.0516,247.61
173.868,116.781,25.9088,245.567
52.4467,103.931,270.75,197.957
48.4627,83.0037,200.397,195.224
242.729,50.9313,169.688,189.584
101.803,25.0089,143.73,193.316
141.465,84.5618,93.0455,213.165
180.253,75.7367,435.781,191.956
224.705,110.737,880.376,213.646
85.2061,116.036,520.92,202.511
183.927,55.9476,301.806,206.22
194.808,64.1578,274.551,212.548
150.707,61.2883,489.398,187.337
91.8836,38.1437,75.3715,223.347
152.074,79.3308,198.554,201.341
123.68,109.743,390.496,200.484
73.6016,61.0363,105.466,247.247
65.4916,33.6973,52.7162,236.66
225.04,57.3298,707.056,196.645
72.9643,50.1356,88.3615,269.461
61.0966,28.5375,405.419,181.503
107.702,97.1173,106.626,207.626
287.429,28.1909,233.432,204.497
221.402,58.0176,536.198,198.288
211.243,61.2189,330.076,204.486
63.2212,77.0042,380.941,204.454
162.672,118.462,68.2754,264.727
256.368,45.9262,234.359,193.024
178.223,99.0098,1004.69,207.043
56.8031,94.7595,27.6541,256.217
142.102,64.2329,331.25,203.097
218.947,63.6524,119.834,195.163
194.803,97.0128,1124.7,216.236
90.4823,69.8121,318.86,187.732
112.918,89.8741,354.524,201.567
145.095,63.2343,343.579,213.566
221.35,58.1163,417.077,215.533
184.706,116.531,281.463,223.034
210.493,78.9307,408.185,212.979
30.1675,136.824,742.832,204.71
134.642,86.8837,268.585,185.833
58.5235,74.5501,170.998,186.621
122.052,78.6257,130.922,207.492
172.069,82.0116,969.793,200.425
272.71,19.362,211.409,203.385
66.5287,103.045,643.41,197.636
24.5787,159.48,460.494,201.237
249.406,36.0163,247.376,212.219
159.65,23.9183,85.6567,193.122
53.9705,118.297,541.546,210.868
236.188,57.2799,824.034,193.628
75.2112,48.3794,403.183,221.113
74.7036,101.085,516.77,190.397
60.8398,40.9859,37.4927,197.023
278.568,25.6778,488.734,218.373
78.333,48.9777,53.5424,201.139
96.3528,27.6185,218.434,183.24
112.672,68.6031,297.887,213.849
94.3452,102.971,602.661,202.992
179.203,57.4785,393.524,197.235
37.7749,123.077,280.79,207.276
198.257,92.0399,483.605,224.341
217.405,54.2974,499.535,189.165
33.8914,36.7979,162.599,239.817
94.4793,91.9558,376.255,221.97
50.0306,108.308,208.912,213.456
186.853,47.7732,1046.14,208.534
217.4,152.642,462.129,215.007
165.95,51.6225,671.439,201.408
164.811,46.0289,446.968,204.835
75.8711,89.0493,161.216,199
114.365,134.642,1135.84,209.343
22.1244,84.9711,263.959,232.171
244.073,44.782,142.497,190.665
110.048,47.0645,576.162,205.707
287.202,78.974,518.275,210.484
205.996,33.6797,398.935,214.59
189.732,74.8766,789.278,206.692
54.6645,31.8835,420.699,194.435
190.686,98.4048,744.025,212.628
52.3559,55.664,214.459,190.365
154.851,62.8895,309.092,201.506
233.019,72.6551,841.184,199.874
81.3396,58.0112,239.199,215.435
224.28,25.8701,501.273,205.479
132.497,98.0868,200.383,196.616
219.963,89.6138,385.4,205.997
89.4003,81.368,265.892,188.517
236.813,60.3604,195.806,199.325
73.3382,61.6643,78.1015,186.233
76.3663,55.4711,379.958,198.68
166.2,84.197,57.7761,231.733
40.0117,61.5772,203.074,182.343
73.2497,50.0912,239.253,185.229
112.192,78.0602,188.037,232.028
140.871,117.046,236.876,205.129
197.748,89.0607,580.707,204.576
229.019,48.8057,294.452,198.555
102.65,24.7769,200.57,196.147
172.934,64.8731,354.202,200.929
48.256,141.392,1038.96,202.627
90.0589,29.9645,156.407,180.979
158.314,46.1826,163.842,204.583
73.1667,116.894,66.7681,237.364
180.918,50.9999,450.703,190.774
179.096,38.1082,447.688,196.999
181.077,59.0648,318.942,198.867
70.6614,111.95,479.291,202.689
175.996,78.1618,335.028,206.202
228.953,48.1855,27.7621,202.663
61.2463,100.681,136.295,192.447
65.3045,33.9817,249.285,194.268
139.087,96.2207,473.534,205.515
184.991,24.0631,93.4708,219.72
162.394,64.3959,657.021,202.833
146.953,92.5746,779.888,204.224
128.058,70.8749,213.791,210.065
171.967,74.9082,674.271,201.006
130.236,95.3898,210.317,218.601
21.0791,86.3173,224.881,201.866
209.5,54.5189,118.343,224.166
211.304,54.2692,383.898,198.393
263.961,69.9635,163.015,231.223
95.6371,38.3202,54.572,258.03
65.6286,93.0637,243.299,207.257
271.457,19.9038,266.77,211.942
106.057,40.1267,33.0412,207.168
126.168,94.9153,71.931,280.469
95.7777,23.8918,190.474,189.08
56.7605,94.9329,258.708,202.282
110.789,90.7156,41.7611,220.63
234.387,63.9769,528.645,207.206
248.055,36.868,63.1271,257.585
162.631,118.901,602.925,208.019
199.697,67.3074,945.82,200.8
32.1413,53.2349,250.578,202.194
71.5828,35.4415,400.266,182.602
140.962,84.8905,931.584,199.168
88.4422,70.0891,183.361,198.098
221.607,47.9346,329.101,199.477
127.131,94.5715,184.037,222.351
182.179,56.8086,787.623,192.959
95.0281,80.026,401.753,201.666
21.892,152.39,287.085,199.552
84.2683,38.23,170.288,199.095
26.293,20.1359,434.595,182.108
148.248,80.8672,303.385,205.632
258.955,44.5812,451.234,204.12
219.158,59.6815,231.588,215.403
138.18,87.529,62.203,237.438
111.074,69.6745,674.396,196.425
91.5297,38.4778,563.063,188.193
101.025,108.267,608.657,206.6
100.961,66.9313,609.52,186.674
176.776,58.2314,201.782,234.647
64.3521,48.8704,576.421,188.149
176.241,63.986,883.333,197.384
206.196,68.1053,88.4354,197.23
121.302,79.016,263.288,203.461
107.258,70.5766,75.6358,222.369
116.798,129.912,262.474,213.019
36.1634,123.907,1044.43,200.419
144.758,51.6113,409.426,207.707
123.744,39.2063,316.802,213.486
46.0352,86.2461,152.705,215.68
20.4751,55.0616,201.709,224.169
22.367,83.9242,237.033,192.277
92.673,93.5805,257.962,189.468
273.702,27.4817,318.26,208.736
93.7379,90.0198,153.216,233.539
266.887,64.6451,127.375,193.682
276.094,27.6369,193.118,201.823
192.692,98.5903,708.581,223.159
95.8527,89.4619,468.135,206.603
215.421,91.271,1033.76,203.087
57.4384,58.5176,238.167,195.573
188.681,61.594,476.85,202.107
128.3,16.9907,513.757,193.656
245.761,43.8289,126.994,225.549
81.8342,122.802,931.587,198.843
116.036,59.2558,397.843,206.117
190.345,80.816,721.165,208.691
147.572,61.6919,621.273,232.913
241.972,75.1728,31.8271,266.45
44.9512,102.618,238.759,236.306
242.406,37.8082,102.751,205.157
225.768,105.037,375.446,221.757
96.7322,23.6491,342.657,191.384
163.785,21.1536,672.28,202.445
251.11,60.4461,132.535,209.512
232.793,117.831,552.025,214.045
267.434,165.785,199.668,203.838
115.253,100.421,500.494,217.148
148.148,97.6311,120.734,241.605
208.137,134.804,732.85,213.641
53.5795,50.3294,512.315,197.521
241.271,30.0458,457.961,192.209
88.1902,88.3751,502.696,201.721
117.49,67.6654,835.336,195.052
227.911,74.5016,126.857,276.428
266.43,55.0468,200.434,189.263
39.4881,40.2068,312.116,180.335
24.3285,77.9167,751.075,204.885
87.7024,81.6223,34.2043,180.608
197.196,101.431,140.6,191.646
120.407,111.352,29.1168,261.753
61.0424,28.8524,202.843,184.878
56.8279,103.599,214.608,193.26
211.784,80.104,293.047,197.403
241.452,58.672,35.0855,247.641
213.076,92.9645,762.538,194.301
60.6677,49.398,343.069,192.409
187.397,107.919,151.122,223.47
165.969,84.4899,650.6,201.603
184.631,76.5166,422.995,202.568
74.0421,56.2569,127.084,194.574
240.195,58.6508,310.21,195.091
44.432,84.7199,278.027,191.579
118.144,92.1686,296.558,199.534
175.488,79.9241,111.994,207.508
78.4736,70.7737,66.9406,217.217
281.006,39.0293,164.069,194.447
63.7445,34.3784,152.242,189.249
258.544,38.5417,126.329,220.58
189.832,66.5885,399.097,195.903
39.6316,122.742,53.5386,199.918
231.351,65.5376,282.352,188.819
237.138,54.7967,161.416,188.859
95.5641,38.6649,61.2318,200.263
167.902,76.4689,530.99,193.645
48.3438,120.374,188.863,203.9
120.123,37.7899,189.946,201.451
178.059,51.5439,294.154,212.812
136.328,97.5377,520.632,201.689
67.0881,122.382,395.04,202.324
217.939,60.5478,190.562,212.466
126.286,108.238,656.349,208.937
167.304,66.7477,338.422,205.742
258.386,38.9392,74.4622,196.077
158.484,66.0421,270.193,196.172
219.978,34.2017,466.439,192.357
111.445,79.0174,253.837,221.904
33.8503,51.1407,127.209,188.679
192.061,65.9948,390.05,197.887
27.6224,138.051,600.873,206.093
274.038,39.0089,159.98,212.8
270.754,34.6859,188.711,211.518
270.28,16.6773,158.683,202.838
108.545,97.0771,329.047,205.178
142.417,52.8405,232.76,190.734
51.1124,119.971,163.823,201.266
69.0009,35.5588,123.863,236.666
119.742,79.6928,143.027,199.79
137.964,87.8676,89.9505,181.637
223.96,106.652,777.292,211.075
65.4314,47.4613,248.44,192.668
118.836,143.246,476.996,213.186
22.5641,72.9686,706.321,206.502
126.863,71.5665,635.049,192.243
101.406,25.1371,155.25,211.587
168.795,16.7786,142.245,191.818
66.1257,93.3293,624.412,196.372
202.23,35.0152,107.064,213.595
202.228,50.8154,506.605,203.601
106.675,97.7277,40.0344,258.385
120.529,64.4885,396.25,216.529
130.62,86.7703,388.958,204.724
250.561,54.5857,1042.23,204.114
71.438,24.8394,92.8448,237.377
170.79,127.904,515.763,212.286
97.9103,101.049,162.78,214.89
60.3869,100.871,322.49,246.426
188.34,83.2484,273.637,199.877
271.9,28.4697,263.893,201.684
147.254,65.4257,288.446,188.358
115.377,130.835,125.261,224.213
214.757,59.9133,246.373,195.31
56.2261,81.1559,571.354,198.448
185.828,62.7527,224.434,181.561
159.948,88.4989,624.648,198.305
205.045,50.2222,947.449,198.122
104.225,82.8136,586.576,199.259
61.8763,22.8568,209.326,190.434
112.281,69.0662,452.231,208.861
62.8555,86.517,282.415,223.322
201.948,50.7938,468.639,206.099
199.832,91.2252,220.684,217.394
170.595,73.9411,238.43,220.303
97.5111,110.027,380.569,204.83
81.9665,150.993,507.251,199.863
282.649,70.5779,181.088,210.62
173.804,73.2353,728.124,201.22
101.721,48.3318,351.363,194.136
97.0521,67.3887,689.707,190.988
71.8681,90.7382,79.4774,193.608
179.578,78.0317,572.457,191.381
219.603,48.6431,402.191,186.398
129.237,81.9211,823.958,198.629
73.0518,24.9914,304.927,190.325
147.809,55.7997,370.15,183.583
119.836,60.1574,297.684,180.561
163.028,116.522,656.002,201.758
247.967,37.266,407.83,197.643
98.5335,76.9554,311.935,199.648
31.2581,143.228,521.262,202.709
112.751,81.9074,256.184,199.777
174.868,131.11,188.586,197.683
92.6173,80.9838,108.766,184.401
23.5934,96.8136,232.288,186.901
106.897,70.9058,232.937,186.609
32.2029,116.362,404.938,206.779
96.3293,54.6742,93.0954,191.613
69.8396,133.677,794.393,196.301
54.2721,49.9261,482.169,217.452
41.378,109.144,455.543,203.439
286.805,32.9286,410.395,201.268
193.783,51.128,695.764,223.741
100.682,83.7974,41.4357,262.927
246.381,28.5897,218.443,242.988
64.2321,93.7832,1070.14,193.638
132.117,31.8553,248.497,216.834
85.1748,89.5764,223.196,203.427
204.168,20.1081,142.838,283.31
118.41,52.6183,41.0686,263.274
74.5939,117.209,265.842,211.533
234.483,63.9864,19.4229,240.342
156.118,89.7657,620.363,206.715
267.195,47.8533,123.912,217.043
216.901,61.2083,41.1899,259.495
160.894,78.3075,52.7778,238.955
118.473,66.0114,260.723,196.841
49.0288,141.654,574.577,206.315
174.846,80.2581,450.156,203.121
76.8382,109.288,422.191,195.941
73.3791,117.795,446.511,200.096
24.138,139.757,22.4511,220.174
115.943,113.664,816.329,208.651
59.5541,102.779,304.509,213.367
78.886,152.106,324.571,215.624
174.133,98.9256,72.5333,283.073
180.951,95.1628,337.879,225.963
121.131,132.16,645.324,201.523
238.261,59.1723,118.431,208.173
60.6044,115.509,132.042,226.524
244.419,57.3351,51.0032,182.594
270.93,46.4061,86.1889,217.272
54.6816,66.6761,28.236,239.088
42.6733,85.0802,1079.95,194.758
201.389,88.4078,924.86,199.645
50.1266,120.355,98.7413,247.506
72.7851,71.7084,165.566,241.933
130.208,106.177,946.544,209.75
68.5614,36.227,310.827,185.458
62.2573,94.4657,300.431,203.042
87.0373,106.255,560.12,209.392
188.931,56.1237,281.983,209.012
39.3066,122.86,630.457,205.182
279.98,39.2936,651.384,203.139
150.72,125.146,449.84,212.243
78.1294,71.0352,728.095,192.766
266.762,69.0602,225.418,220.727
271.122,61.8585,455.713,207.033
97.0482,101.651,362.731,206.278
243.746,52.0396,130.276,189.5
191.982,94.8297,375.152,193.191
145.424,55.949,363.064,204.843
71.5684,50.2506,220.125,205.132
227.821,45.7948,106.055,215.39
269.716,35.3229,132.104,211.155
164.57,77.2777,630.759,198.936
267.133,108.886,257.621,210.198
89.0331,105.806,393.422,207.834
185.987,116.14,537.242,208.376
137.383,87.8842,341.917,205.595
68.5535,86.6155,539.829,186.754
28.5413,157.476,650.963,214.457
270.021,41.1083,708.851,208.628
28.1453,52.6133,11.1907,188.109
257.924,39.0723,184.186,216.27
222.752,90.421,295.743,206.902
187.298,56.7675,37.5734,279.634
50.7937,83.7434,147.625,191.877
184.28,56.9444,218.397,262.276
205.496,101.974,1117.5,214.132
73.1759,111.41,116.034,271.425
82.9903,54.4695,276.414,191.045
167.051,67.5604,743.823,195.575
238.078,20.6312,92.4903,224.786
225.011,89.1703,695.496,208.093
99.5205,48.8859,304.29,190.625
219.661,109.242,447.744,216.606
26.3159,139.586,356.816,186.597
102.906,152.814,772.92,212.479
58.5042,49.874,356.843,197.732
64.7284,123.351,357.022,198.583
101.177,107.986,1108.06,205.109
86.5125,57.851,184.891,206.353
159.093,118.093,671.947,207.534
96.6366,77.6327,405.188,202.203
117.914,60.1762,538.315,186.479
187.353,67.2947,618.691,188.932
30.8794,17.335,166.544,210.891
284.304,38.0701,658.099,205.464
201.654,35.3977,525.631,194.612
57.5169,95.4125,738.328,204.261
123.774,141.082,309.557,198.817
115.182,59.7914,164.282,227.092
100.552,25.6622,199.482,180.19
110.225,80.1121,635.127,181.199
53.9762,81.1938,653.7,200.205
66.1682,77.9147,335.386,186.697
61.5288,87.7682,484.66,184.545
106.531,118.207,1135.71,205.168
220.93,149.321,128.994,225.974
117.707,98.5915,475.015,213.232
71.3693,90.8589,492.413,196.199
218.856,29.3837,557.481,191.113
49.2591,43.1984,158.152,190.656
220.241,121.462,73.9997,241.608
183.319,37.6797,527.206,191.99
281.643,71.1735,709.32,220.567
145.412,65.6965,557.49,206.397
144.033,16.2798,219.003,183.367
106.901,61.2911,85.5901,271.91
275.246,163.882,707.039,198.947
197.074,154.43,380.184,231.002
190.011,161.708,307.372,226.399
95.7405,54.7952,116.745,190.856
218.144,78.7917,234.177,193.047
247.949,86.9699,247.818,225.331
202.094,137.109,97.4077,287.316
50.9692,42.9637,425.349,188.872
196.618,101.688,11.4643,285.997
204.805,96.2876,121.927,195.191
57.912,103.861,256.866,196.304
213.532,77.0114,80.7258,181.515
66.8324,36.8669,136.455,186.893
108.371,118.019,317.467,208.707
153.642,52.2532,138.659,188.003
117.886,106.31,208.015,186.911
71.7392,61.3748,106.431,201.38
172.111,118.084,495.061,203.801
155.671,66.9523,631.724,198.919
73.1308,118.107,377.476,188.155
66.5635,36.418,73.9801,199.35
41.1933,144.995,622.462,199.765
114.46,60.5684,258.357,183.043
197.828,85.4487,165.583,200.523
109.498,96.1496,206.036,193.229
241.659,58.7326,121.42,184.975
160.718,78.5995,171.107,200.065
117.255,133.689,659.613,211.867
228.888,56.1836,427.138,196.367
177.722,79.8765,57.9128,204.43
185.32,109.942,983.162,209.583
152.691,67.9589,144.677,199.772
214.764,60.7154,332.153,211.887
152.54,91.5665,215.428,195.036
72.2821,72.6518,420.023,187.608
73.3483,56.708,429.087,183.915
51.0238,104.847,95.9812,190.899
53.6539,113.22,266.386,197.704
186.706,108.583,1119.77,207.321
61.3967,100.229,19.3646,217.214
228.721,66.1099,176.109,213.377
59.9843,29.3178,390.783,180.43
69.8053,86.6099,285.3,198.2
134.774,90.6164,455.031,196.46
18.5953,86.8529,295.623,209.521
175.787,73.3622,413.844,194.988
173.35,77.3532,221.662,204.555
170.992,80.3192,427.502,195.489
215.324,30.0775,47.6541,245.857
58.857,31.9346,76.2397,184.124
238.517,39.8081,56.6664,223.805
73.5442,72.074,62.8026,287.004
94.2143,78.6214,96.9205,213.825
146.748,93.3213,633.117,199.202
60.5854,78.3465,641.818,185.73
123.625,125.997,318.533,211.827
217.113,114.678,350.047,196.796
180.518,112.813,118.626,200.152
67.0193,131.497,252.04,211.117
97.5893,49.2482,499.437,191.99
231.189,62.1606,163.712,188.281
227.085,50.8777,605.018,195.654
148.264,126.695,292.66,196.932
223.75,46.6466,506.923,201.32
172.52,77.7415,79.7868,203.628
220.122,60.3503,471.09,207.061
264.299,87.9858,145.619,192.078
115.076,80.7492,197.022,194.528
106.125,80.1979,201.489,198.228
265.085,87.5801,280.092,199.458
16.9916,85.7205,117.085,194.984
241.864,38.594,603.663,202.114
189.066,91.9454,801.883,202.746
226.055,42.3112,656.303,207.14
99.2635,25.6664,222.232,188.973
118.125,101.297,254.316,217.093
243.006,39.4313,642.483,187.999
78.0396,118.199,357.4,193.46
195.764,90.4155,1046.42,221.408
48.8929,60.9386,231.7,189.751
46.8441,121.967,128.823,205.863
120.373,73.1982,252.702,215.58
38.0095,59.1457,476.432,222.736
212.196,114.939,528.387,205.842
178.61,108.054,285.513,208.16
186.432,33.6603,472.287,188.341
270.538,29.1446,372.87,217.915
182.756,141.714,173.497,238.14
49.8826,120.944,624.576,200.11
117.877,80.2024,638.652,192.122
58.9619,140.121,790.745,219.275
238.378,39.4612,94.954,258.191
157.029,49.5695,468.482,190.752
267.47,67.1031,128.574,183.974
282.274,57.0441,136.598,216.444
276.515,80.3314,207.948,180.762
191.875,33.7605,546.952,186.159
216.671,79.133,458.111,219.722
36.6481,75.7703,306.919,209.996
112.921,20.6201,158.684,191.296
94.8994,42.9138,57.2844,276.465
62.1544,72.4887,433.07,191.727
92.8823,68.0915,456.545,206.59
178.507,79.8237,430.387,208.909
135.392,88.8379,121.172,284.719
62.0457,72.6398,412.281,189.017
134.689,48.305,431.406,181.838
130.645,44.8293,498.046,188.022
84.9723,49.1733,112.02,203.382
47.1184,22.7374,291.851,196.295
221.738,25.851,385.076,182.566
